Отметка времени,Ваш ID в VK
07.10.2023 20:50:50,id224364474
07.10.2023 20:51:37,hezzerd
07.10.2023 20:52:15,igwhore
07.10.2023 20:52:45,531619927
07.10.2023 20:54:16,194848002
07.10.2023 20:56:37,mra4naya_jiu4hoctb
07.10.2023 20:59:46,https://vk.com/id_yasno
07.10.2023 21:05:23,alex_bayir
07.10.2023 21:10:25,308412461
07.10.2023 21:11:05,232210943
07.10.2023 21:18:46,https://vk.com/p_i_n_a_c_o_l_a_d_a
07.10.2023 21:31:28,madbunny1
07.10.2023 22:12:13,139939428
07.10.2023 23:53:04,scndjk
08.10.2023 0:44:53,54705450
08.10.2023 10:05:09,https://vk.com/valdrg
09.10.2023 10:47:18,id_totktosmog
09.10.2023 14:29:04,totara_jokiyskiy
09.10.2023 16:59:11,alonepomahtik
10.10.2023 18:31:19,315590903
11.10.2023 20:26:03,Ye1isha
12.10.2023 12:08:13,ensssomhet
13.10.2023 17:35:38,kaintser
07.10.2023 21:06,https://vk.com/kvonker
07.10.2023 23:26,denilai
,@id184267947